fsid,rs7193343.x,rs2910164.x,rs7193343.y,rs2910164.y
Y10FS101,C:T,C:G,C:T,C:G
Y10FS104,C:T,C:G,C:T,C:G
Y10FS113,C:T,C:G,C:T,C:G
Y10FS117,T:T,G:G,C:C,C:C
Y10FS118,T:T,G:G,C:C,C:C
Y10FS124,C:T,C:G,C:T,C:G
Y10FS128,T:T,C:G,C:C,C:G
Y10FS147,C:T,C:G,C:T,C:G
Y10FS149,T:T,C:C,C:C,G:G
Y10FS150,T:T,C:G,C:C,C:G
Y10FS151,C:T,C:G,C:T,C:G
Y10FS156,T:T,C:G,C:C,C:G
Y10FS158,T:T,C:G,C:C,C:G
Y10FS159,T:T,C:G,C:C,C:G
Y10FS160,C:T,C:G,C:T,C:G
Y10FS161,T:T,C:C,C:C,G:G
Y10FS164,C:T,C:C,C:T,G:G
Y10FS165,C:C,C:C,T:T,G:G
Y10FS166,C:C,C:C,T:T,G:G
Y10FS169,T:T,C:G,C:C,C:G
Y10FS171,T:T,C:G,C:C,C:G
Y10FS173,C:T,C:C,C:T,G:G
Y10FS174,T:T,C:C,C:C,G:G
Y10FS177,T:T,C:G,C:C,C:G
Y10FS178,T:T,G:G,C:C,C:C
Y10FS179,T:T,C:G,C:C,C:G
Y10FS180,C:C,C:G,T:T,C:G
Y10FS181,C:C,C:G,T:T,C:G
Y10FS182,T:T,G:G,C:C,C:C
Y10FS183,C:T,C:G,C:C,C:G
Y10FS184,T:T,G:G,C:C,C:C
Y10FS188,T:T,C:G,C:C,C:G
Y10FS190,T:T,G:G,C:C,C:C
Y10FS191,T:T,G:G,C:C,C:C
Y10FS192,C:T,C:G,C:T,C:G
Y10FS193,C:C,C:G,T:T,C:G
Y10FS198,C:T,C:C,C:T,G:G
Y10FS206,T:T,C:G,C:C,C:G
Y10FS211,T:T,C:G,C:C,C:G
Y10FS212,T:T,C:G,C:C,C:G
Y10FS215,T:T,C:C,C:C,G:G
Y10FS226,C:T,C:G,C:T,C:G
Y10FS227,T:T,C:G,C:C,C:G
Y10FS228,C:T,C:G,C:T,C:G
Y10FS234,C:T,C:G,C:T,C:G
Y10FS235,T:T,C:G,C:C,C:G
Y10FS236,C:T,C:G,C:T,C:G
Y10FS237,C:T,C:G,C:T,C:G
Y10FS238,C:T,C:C,C:T,G:G
Y10FS24,C:C,C:G,T:T,C:G
Y10FS241,C:T,C:C,C:T,G:G
Y10FS242,C:T,G:G,C:T,C:C
Y10FS245,C:T,G:G,C:T,C:C
Y10FS246,T:T,G:G,C:C,C:C
Y10FS247,C:T,C:G,C:T,C:G
Y10FS248,C:T,C:G,C:T,C:G
Y10FS249,C:T,G:G,C:C,C:C
Y10FS25,C:T,C:G,C:T,C:G
Y10FS250,C:T,C:G,C:T,C:G
Y10FS251,T:T,G:G,C:C,C:C
Y10FS252,T:T,C:G,C:C,C:G
Y10FS253,C:T,C:G,C:T,C:G
Y10FS254,T:T,C:C,C:C,G:G
Y10FS255,C:T,C:C,C:T,G:G
Y10FS256,T:T,C:C,C:C,G:G
Y10FS257,T:T,C:G,C:C,C:G
Y10FS258,C:T,C:C,C:T,G:G
Y10FS259,T:T,C:G,C:C,C:G
Y10FS260,C:T,C:G,C:T,C:G
Y10FS261,C:C,C:C,T:T,G:G
Y10FS262,C:T,G:G,C:T,C:C
Y10FS263,T:T,C:G,C:C,C:G
Y10FS264,T:T,G:G,C:C,C:C
Y10FS265,C:T,C:C,C:T,G:G
Y10FS266,C:T,C:C,C:T,C:G
Y10FS268,T:T,C:G,C:C,C:G
Y10FS27,T:T,C:G,C:C,C:G
Y10FS270,C:T,C:G,C:T,C:G
Y10FS271,C:T,C:G,C:T,C:G
Y10FS272,C:C,C:C,T:T,G:G
Y10FS274,T:T,G:G,C:C,C:C
Y10FS275,T:T,C:G,C:C,C:G
Y10FS277,C:T,C:C,C:T,G:G
Y10FS278,T:T,C:G,C:C,C:G
Y10FS283,C:T,C:G,C:C,C:G
Y10FS29,T:T,G:G,C:C,C:C
Y10FS296,C:C,C:C,T:T,G:G
Y10FS30,T:T,C:G,C:C,C:G
Y10FS31,T:T,C:C,C:C,G:G
Y10FS33,C:T,C:G,C:T,C:G
Y10FS335,C:T,C:G,C:T,C:G
Y10FS336,C:T,C:G,C:T,C:G
Y10FS337,T:T,C:C,C:C,G:G
Y10FS338,C:T,C:C,C:T,G:G
Y10FS344,T:T,C:G,C:C,C:G
Y10FS347,T:T,C:C,C:C,G:G
Y10FS349,C:T,C:G,C:T,C:G
Y10FS35,C:T,C:G,C:T,C:G
Y10FS352,T:T,C:C,C:C,G:G
Y10FS353,C:T,C:G,C:T,C:G
Y10FS356,T:T,C:G,C:C,C:G
Y10FS357,C:T,C:G,C:T,C:G
Y10FS358,C:C,C:G,T:T,C:G
Y10FS359,T:T,G:G,C:C,C:C
Y10FS361,C:T,C:G,C:T,C:G
Y10FS362,C:T,C:C,C:T,G:G
Y10FS364,T:T,C:C,C:C,G:G
Y10FS365,C:T,C:G,C:C,C:C
Y10FS366,C:T,C:G,C:T,C:G
Y10FS367,C:T,C:C,C:C,C:G
Y10FS369,T:T,C:G,C:C,C:G
Y10FS37,C:C,G:G,T:T,C:C
Y10FS370,T:T,C:G,C:C,C:G
Y10FS375,T:T,C:G,C:C,C:G
Y10FS376,T:T,C:G,C:C,C:G
Y10FS377,T:T,G:G,C:C,C:C
Y10FS379,T:T,C:C,C:C,G:G
Y10FS380,T:T,C:G,C:C,C:G
Y10FS381,C:T,C:G,C:T,C:G
Y10FS383,T:T,C:G,C:C,C:G
Y10FS384,T:T,C:G,C:C,C:G
Y10FS41,T:T,C:G,C:C,C:G
Y10FS411,C:C,C:G,T:T,C:G
Y10FS412,C:T,C:G,C:T,C:G
Y10FS413,C:T,C:G,C:T,C:G
Y10FS414,T:T,C:C,C:C,G:G
Y10FS415,T:T,C:G,C:C,C:G
Y10FS416,C:T,C:G,C:T,C:G
Y10FS417,T:T,C:C,C:C,G:G
Y10FS418,C:T,C:C,C:T,G:G
Y10FS419,C:T,C:C,C:T,G:G
Y10FS42,T:T,C:C,C:C,G:G
Y10FS420,T:T,G:G,C:C,C:C
Y10FS421,T:T,C:G,C:C,C:G
Y10FS422,T:T,C:G,C:C,C:G
Y10FS43,T:T,C:C,C:C,G:G
Y10FS435,C:T,C:C,C:T,G:G
Y10FS436,C:T,C:C,C:T,C:G
Y10FS438,C:T,C:G,C:T,C:G
Y10FS439,C:T,C:G,C:T,C:G
Y10FS440,T:T,C:G,C:C,C:G
Y10FS441,T:T,C:C,C:C,G:G
Y10FS442,C:C,G:G,T:T,C:C
Y10FS443,T:T,C:C,C:C,G:G
Y10FS444,T:T,G:G,C:C,C:C
Y10FS445,T:T,G:G,C:C,C:C
Y10FS446,C:T,G:G,C:T,C:C
Y10FS447,T:T,C:G,C:C,C:G
Y10FS448,T:T,C:G,C:C,C:G
Y10FS449,C:T,G:G,C:T,C:C
Y10FS45,T:T,C:C,C:C,G:G
Y10FS451,C:T,C:G,C:T,C:G
Y10FS452,C:T,C:C,C:T,G:G
Y10FS454,C:T,C:C,C:T,G:G
Y10FS455,T:T,G:G,C:C,C:C
Y10FS456,T:T,G:G,C:C,C:C
Y10FS457,T:T,C:G,C:C,C:G
Y10FS458,T:T,C:C,C:C,G:G
Y10FS459,C:T,C:C,C:T,G:G
Y10FS460,C:T,C:G,T:T,C:G
Y10FS461,T:T,G:G,C:C,C:C
Y10FS462,T:T,C:G,C:C,C:G
Y10FS466,C:T,C:G,C:T,C:G
Y10FS467,C:C,C:C,T:T,G:G
Y10FS47,T:T,G:G,C:C,C:C
Y10FS470,C:T,C:G,C:T,C:G
Y10FS471,T:T,C:G,C:C,C:G
Y10FS473,C:T,C:G,C:T,C:G
Y10FS476,C:C,C:C,T:T,G:G
Y10FS477,C:T,G:G,C:T,C:C
Y10FS478,C:T,C:G,C:T,C:G
Y10FS479,C:T,C:G,C:T,C:G
Y10FS48,C:C,C:C,T:T,C:G
Y10FS480,C:T,C:C,C:T,C:G
Y10FS481,C:T,C:G,C:T,C:G
Y10FS482,T:T,C:C,C:C,G:G
Y10FS484,C:T,C:C,C:T,G:G
Y10FS485,T:T,C:G,C:C,C:G
Y10FS486,C:T,C:C,C:T,G:G
Y10FS487,T:T,C:G,C:C,C:G
Y10FS488,T:T,C:G,C:C,C:G
Y10FS489,T:T,C:G,C:C,C:G
Y10FS49,C:C,C:C,T:T,G:G
Y10FS490,T:T,C:G,C:C,C:G
Y10FS492,T:T,C:G,C:C,C:G
Y10FS493,T:T,C:G,C:C,C:G
Y10FS494,T:T,G:G,C:C,C:C
Y10FS496,T:T,G:G,C:C,C:C
Y10FS497,C:T,C:G,C:T,C:G
Y10FS498,C:T,C:G,C:T,C:G
Y10FS499,T:T,C:G,C:C,C:G
Y10FS5,C:T,C:C,C:T,G:G
Y10FS500,C:C,C:C,T:T,G:G
Y10FS501,C:C,C:C,T:T,G:G
Y10FS502,C:C,C:C,T:T,G:G
Y10FS503,C:C,C:G,T:T,C:G
Y10FS505,C:T,C:C,C:T,G:G
Y10FS506,C:C,C:C,T:T,G:G
Y10FS507,C:C,C:G,T:T,C:G
Y10FS509,T:T,C:G,C:C,C:G
Y10FS51,C:C,G:G,T:T,C:C
Y10FS510,T:T,G:G,C:C,C:C
Y10FS52,T:T,C:G,C:C,C:G
Y10FS523,T:T,C:G,C:C,C:G
Y10FS524,T:T,C:G,C:C,C:G
Y10FS525,C:T,C:G,C:T,C:G
Y10FS527,T:T,C:G,C:C,C:G
Y10FS529,T:T,C:G,C:C,C:G
Y10FS53,C:T,C:G,C:T,C:G
Y10FS530,T:T,C:G,C:C,C:G
Y10FS531,C:T,C:C,C:T,G:G
Y10FS533,T:T,C:C,C:C,G:G
Y10FS534,C:T,C:C,C:T,C:G
Y10FS535,C:T,C:C,C:T,G:G
Y10FS536,C:C,C:G,T:T,C:G
Y10FS537,C:T,C:G,C:T,C:G
Y10FS538,C:T,G:G,C:T,C:C
Y10FS540,C:T,G:G,C:T,C:C
Y10FS541,C:C,C:C,T:T,G:G
Y10FS544,T:T,G:G,C:C,C:C
Y10FS545,T:T,C:G,C:C,C:G
Y10FS546,T:T,C:G,C:C,C:G
Y10FS547,C:C,C:G,T:T,C:G
Y10FS548,C:T,C:G,C:T,C:G
Y10FS550,C:T,C:C,C:T,G:G
Y10FS551,C:T,C:C,C:T,G:G
Y10FS552,C:T,G:G,C:T,C:C
Y10FS554,C:T,C:C,C:T,G:G
Y10FS556,C:T,C:G,C:T,C:G
Y10FS557,C:T,G:G,C:T,C:C
Y10FS558,C:T,C:G,C:T,C:G
Y10FS559,C:C,C:G,T:T,C:G
Y10FS560,C:T,C:C,C:T,C:G
Y10FS561,C:C,C:G,T:T,C:G
Y10FS563,C:C,C:G,T:T,C:G
Y10FS564,C:T,C:G,C:T,C:G
Y10FS566,T:T,C:G,C:C,C:G
Y10FS567,T:T,G:G,C:C,C:C
Y10FS568,T:T,G:G,C:C,C:C
Y10FS569,T:T,G:G,C:C,C:C
Y10FS57,T:T,C:G,C:C,C:G
Y10FS570,C:T,G:G,C:T,C:C
Y10FS571,T:T,C:G,C:C,C:G
Y10FS573,T:T,C:G,C:C,C:G
Y10FS574,C:T,C:C,C:T,G:G
Y10FS575,C:C,G:G,T:T,C:C
Y10FS577,T:T,C:G,C:C,C:G
Y10FS579,C:T,C:G,C:T,C:G
Y10FS58,T:T,C:G,C:C,C:G
Y10FS580,C:T,C:C,C:T,G:G
Y10FS581,T:T,C:G,C:C,C:G
Y10FS583,T:T,C:G,C:C,C:G
Y10FS585,C:C,C:G,T:T,C:G
Y10FS586,C:T,C:G,C:T,C:G
Y10FS587,C:C,C:G,T:T,C:G
Y10FS588,C:T,C:C,C:T,G:G
Y10FS59,C:T,C:G,C:T,C:G
Y10FS591,T:T,C:G,C:C,C:G
Y10FS592,T:T,C:G,C:C,C:G
Y10FS599,C:T,C:G,C:T,C:G
Y10FS601,T:T,C:G,C:C,C:C
Y10FS602,T:T,C:G,C:C,C:G
Y10FS61,T:T,C:G,C:C,C:G
Y10FS62,C:T,C:C,C:T,G:G
Y10FS621,C:T,C:G,C:C,C:G
Y10FS622,T:T,C:G,C:C,C:G
Y10FS623,T:T,C:G,C:C,C:G
Y10FS624,C:T,C:G,C:T,C:G
Y10FS625,T:T,C:G,C:T,C:G
Y10FS626,C:T,G:G,C:T,C:C
Y10FS627,C:C,G:G,T:T,C:C
Y10FS628,C:C,G:G,T:T,C:C
Y10FS629,C:T,G:G,C:T,C:C
Y10FS63,T:T,C:C,C:C,G:G
Y10FS630,C:C,G:G,T:T,C:C
Y10FS631,T:T,C:G,C:C,C:G
Y10FS632,T:T,C:G,C:C,C:C
Y10FS633,T:T,C:G,C:C,C:G
Y10FS634,C:T,C:G,C:T,C:G
Y10FS635,T:T,C:G,C:C,C:G
Y10FS636,T:T,C:G,C:C,C:G
Y10FS637,C:T,C:G,C:T,C:C
Y10FS64,C:T,C:G,C:T,C:G
Y10FS640,T:T,C:G,C:C,C:G
Y10FS642,C:C,C:G,T:T,C:G
Y10FS643,T:T,C:C,C:C,G:G
Y10FS644,T:T,C:G,C:C,C:G
Y10FS647,C:T,C:G,C:T,C:C
Y10FS648,C:T,G:G,C:T,C:C
Y10FS650,T:T,C:G,C:C,C:G
Y10FS651,C:T,G:G,C:T,C:C
Y10FS652,C:T,C:G,C:T,C:G
Y10FS655,T:T,G:G,C:C,C:C
Y10FS656,C:T,C:C,C:T,G:G
Y10FS657,T:T,C:G,C:C,C:G
Y10FS658,T:T,C:G,C:T,C:G
Y10FS66,C:T,G:G,C:T,C:C
Y10FS662,T:T,C:C,C:C,G:G
Y10FS663,T:T,C:G,C:C,C:G
Y10FS664,T:T,C:G,C:C,C:G
Y10FS665,C:T,C:C,C:T,G:G
Y10FS667,C:T,G:G,C:T,C:C
Y10FS668,C:T,C:G,C:T,C:G
Y10FS669,C:T,C:C,C:T,G:G
Y10FS67,T:T,C:G,C:C,C:G
Y10FS671,C:T,C:G,C:T,C:G
Y10FS672,T:T,C:C,C:C,G:G
Y10FS673,T:T,C:C,C:C,G:G
Y10FS678,C:C,C:G,T:T,C:G
Y10FS68,T:T,C:G,C:C,C:G
Y10FS682,C:T,G:G,C:T,C:C
Y10FS683,C:T,C:G,C:T,C:G
Y10FS684,C:C,C:C,T:T,G:G
Y10FS685,T:T,C:C,C:C,G:G
Y10FS687,T:T,C:C,C:C,C:G
Y10FS689,C:C,C:G,T:T,C:G
Y10FS69,T:T,C:C,C:C,G:G
Y10FS690,C:T,C:G,C:T,C:G
Y10FS691,C:T,C:G,C:T,C:G
Y10FS692,C:T,C:C,C:T,G:G
Y10FS693,C:T,C:C,C:T,G:G
Y10FS694,T:T,C:G,C:C,C:G
Y10FS695,T:T,C:G,C:C,C:G
Y10FS696,T:T,G:G,C:C,C:C
Y10FS697,C:T,C:G,C:T,C:G
Y10FS698,C:T,C:G,C:T,C:G
Y10FS70,T:T,C:C,C:C,G:G
Y10FS700,T:T,C:C,C:C,G:G
Y10FS703,C:T,C:G,C:T,C:G
Y10FS705,T:T,G:G,C:C,C:C
Y10FS707,T:T,C:G,C:C,C:G
Y10FS708,T:T,C:C,C:C,G:G
Y10FS709,T:T,C:C,C:C,G:G
Y10FS71,T:T,C:C,C:C,G:G
Y10FS710,T:T,C:C,C:C,G:G
Y10FS711,T:T,C:G,C:C,C:G
Y10FS713,T:T,C:C,C:C,C:G
Y10FS716,T:T,G:G,C:C,C:C
Y10FS717,T:T,G:G,C:C,C:C
Y10FS718,T:T,G:G,C:C,C:C
Y10FS72,T:T,C:C,C:C,G:G
Y10FS720,C:T,C:G,C:T,C:G
Y10FS721,T:T,C:G,C:C,C:G
Y10FS724,C:C,C:C,T:T,G:G
Y10FS725,C:T,C:C,C:T,G:G
Y10FS726,T:T,C:G,C:C,C:G
Y10FS728,C:C,C:C,T:T,G:G
Y10FS73,T:T,C:G,C:C,C:G
Y10FS737,T:T,C:G,C:C,C:G
Y10FS738,T:T,C:G,C:C,C:G
Y10FS739,T:T,C:C,C:C,G:G
Y10FS74,T:T,C:C,C:C,G:G
Y10FS743,C:T,C:C,C:T,G:G
Y10FS75,C:C,C:G,T:T,C:G
Y10FS76,C:C,C:G,T:T,C:G
Y10FS77,C:T,C:G,C:T,C:G
Y10FS79,C:T,C:C,C:T,G:G
Y10FS80,C:T,C:C,C:T,G:G
Y10FS82,T:T,C:C,C:C,G:G
Y10FS83,C:T,C:C,C:T,G:G
Y10FS84,C:T,C:G,C:T,C:G
Y10FS86,T:T,C:C,C:C,G:G
Y10FS87,C:T,C:G,C:T,C:G
Y10FS88,C:T,C:C,C:T,G:G
Y10FS89,C:T,C:G,C:T,C:G
Y10FS90,C:T,C:G,C:T,C:G
Y10FS91,C:T,C:C,C:T,G:G
Y10FS94,C:C,G:G,T:T,C:C
Y12FS1007,T:T,C:G,C:C,C:G
Y12FS1012,T:T,C:G,C:C,C:G
Y12FS1108,C:T,C:C,C:T,C:G
Y12FS1113,C:T,C:G,C:T,C:C
Y12FS1119,C:T,C:G,C:T,C:G
Y12FS1167,T:T,C:C,C:C,G:G
Y12FS1170,C:T,C:G,C:T,C:G
Y12FS1171,T:T,C:G,C:C,C:G
Y12FS1173,T:T,C:G,C:C,C:G
Y12FS1176,C:T,C:G,C:T,C:G
Y12FS1178,T:T,C:C,C:C,G:G
Y12FS1179,C:T,C:C,C:T,G:G
Y12FS1181,T:T,C:G,C:C,C:G
Y12FS1227,T:T,C:C,C:C,G:G
Y12FS1229,T:T,C:C,C:C,G:G
Y12FS1230,T:T,C:C,C:C,G:G
Y12FS1238,C:T,C:C,C:T,G:G
Y12FS1274,C:T,C:C,C:T,G:G
Y12FS1283,T:T,C:C,C:C,G:G
Y12FS1286,C:T,G:G,C:T,C:C
Y12FS1288,C:T,C:C,C:T,G:G
Y12FS1307,T:T,C:G,C:C,C:G
Y12FS1313,T:T,C:G,C:C,C:G
Y12FS1319,C:T,G:G,C:T,C:C
Y12FS1320,C:T,C:G,C:T,C:G
Y12FS1327,C:T,C:G,C:T,C:G
Y12FS1340,T:T,C:C,C:C,C:G
Y12FS1344,C:T,G:G,C:T,C:C
Y12FS1345,T:T,C:G,C:C,C:G
Y12FS1349,C:T,C:G,C:T,C:G
Y12FS1350,C:T,G:G,C:T,C:C
Y12FS1353,C:T,C:C,C:T,G:G
Y12FS1358,T:T,C:G,C:C,C:G
Y12FS1359,C:C,G:G,T:T,C:C
Y12FS1370,T:T,C:G,C:C,C:G
Y12FS1372,C:T,C:C,C:T,G:G
Y12FS1373,T:T,C:C,C:C,G:G
Y12FS1376,C:T,C:G,C:T,C:G
Y12FS1377,C:C,C:G,T:T,C:G
Y12FS1381,T:T,C:G,C:C,C:G
Y12FS1382,T:T,C:G,C:C,C:C
Y12FS1389,C:T,C:C,C:T,C:G
Y12FS1390,T:T,G:G,C:C,C:G
Y12FS1395,C:T,G:G,C:T,C:C
Y12FS1396,T:T,C:G,C:C,C:G
Y12FS1397,C:C,C:C,T:T,C:G
Y12FS1398,C:T,G:G,C:T,C:C
Y12FS1405,C:T,C:G,C:T,C:G
Y12FS1406,C:T,C:G,C:T,C:G
Y12FS1414,T:T,C:G,C:C,C:G
Y12FS1416,C:T,G:G,C:T,C:C
Y12FS1423,C:T,C:C,C:T,C:G
Y12FS1424,T:T,C:G,C:C,C:G
Y12FS1432,C:T,C:G,C:T,C:G
Y12FS1434,T:T,C:G,C:C,C:G
Y12FS1436,C:T,C:G,C:T,C:G
Y12FS1441,C:C,G:G,T:T,C:C
Y12FS1443,T:T,C:G,C:C,C:G
Y12FS1445,C:T,C:G,C:T,C:G
Y12FS1446,C:T,C:C,C:T,G:G
Y12FS1482,C:T,G:G,C:T,C:C
Y12FS1495,C:T,C:G,C:T,C:G
Y12FS1500,C:T,C:G,C:T,C:G
Y12FS1501,C:T,C:G,C:T,C:G
Y12FS1508,C:C,C:C,T:T,C:G
Y12FS1509,C:T,G:G,C:T,C:C
Y12FS160,T:T,C:G,C:C,C:G
Y12FS161,C:T,C:C,C:T,C:G
Y12FS203,C:T,C:C,C:T,G:G
Y12FS207,T:T,G:G,C:C,C:C
Y12FS254,T:T,C:C,C:T,C:G
Y12FS261,T:T,C:C,C:C,G:G
Y12FS294,T:T,G:G,C:C,C:C
Y12FS297,T:T,G:G,C:C,C:C
Y12FS301,C:T,C:G,C:T,C:C
Y12FS309,C:T,C:G,C:T,C:G
Y12FS310,T:T,C:C,C:C,G:G
Y12FS346,T:T,C:G,C:C,C:G
Y12FS348,T:T,C:G,C:C,C:G
Y12FS349,C:T,C:G,C:T,C:G
Y12FS353,C:T,C:G,C:T,C:G
Y12FS354,C:T,C:C,C:T,G:G
Y12FS357,T:T,C:C,C:C,G:G
Y12FS394,C:T,C:G,C:T,C:G
Y12FS397,C:T,C:C,C:T,G:G
Y12FS405,C:T,C:C,C:T,G:G
Y12FS520,T:T,C:G,C:C,C:G
Y12FS566,C:T,C:C,C:T,G:G
Y12FS567,T:T,C:C,C:C,C:G
Y12FS815,T:T,C:G,C:C,C:G
Y12FS820,C:T,C:G,C:T,C:G
Y12FS821,T:T,C:G,C:C,C:C
Y12FS915,T:T,C:C,C:C,G:G
Y12FS918,C:C,C:G,T:T,C:C
Y12FS961,T:T,G:G,C:C,C:C
